{
    "spectral_points": {
        "406.337994597": 22.847533632286996,
        "444.386620054": 56.1595131326073,
        "476.180676943": 67.04996796925047,
        "552.277927856": 80.50288276745675,
        "603.356904497": 79.22165278667521,
        "649.744954712": 49.753363228699556,
        "671.114730653": 25.409993593850096,
        "700.823931352": 22.52722613709161,
        "719.06642301": 55.198590647021135,
        "744.084697283": 71.21396540679052,
        "732.096774194": 35.33952594490711,
        "569.999205466": 29.25368353619475,
        "480.871603369": 36.62075592568866
    }
}